{
    "0": {
        "precision": 0.5733471074380165,
        "recall": 0.5793319415448852,
        "f1-score": 0.5763239875389409,
        "support": 958
    },
    "1": {
        "precision": 0.6417910447761194,
        "recall": 0.38738738738738737,
        "f1-score": 0.4831460674157303,
        "support": 111
    },
    "2": {
        "precision": 0.6186131386861314,
        "recall": 0.3310546875,
        "f1-score": 0.4312977099236641,
        "support": 1024
    },
    "3": {
        "precision": 0.8424769147202608,
        "recall": 0.8742953776775648,
        "f1-score": 0.8580912863070539,
        "support": 1774
    },
    "4": {
        "precision": 0.5447227191413238,
        "recall": 0.4883720930232558,
        "f1-score": 0.5150105708245243,
        "support": 1247
    },
    "5": {
        "precision": 0.7596717467760844,
        "recall": 0.779783393501805,
        "f1-score": 0.7695961995249405,
        "support": 831
    },
    "6": {
        "precision": 0.5165451486259114,
        "recall": 0.7469586374695864,
        "f1-score": 0.6107427055702919,
        "support": 1233
    },
    "accuracy": 0.6500417943716913,
    "macro avg": {
        "precision": 0.6424525457376926,
        "recall": 0.5981690740149264,
        "f1-score": 0.6063155038721637,
        "support": 7178
    },
    "weighted avg": {
        "precision": 0.6542178679604369,
        "recall": 0.6500417943716913,
        "f1-score": 0.6414668110904952,
        "support": 7178
    }
}