{"Angry": 0.890984617605005, "Disgust": 0.9579035665069343, "Fear": 0.827953617565811, "Happy": 0.9720400542585267, "Sad": 0.8604330717444679, "Surprise": 0.9645223104920656, "Neutral": 0.8981209887608567}